$n$-tuple,$n$-յակ,,,,,,,,
$p$-adic number,$p$-ադիկ թիվ,,,,,,,,
$p$-value,$p$-արժեք,,,,,,,,
abelian group,աբելյան խումբ,,,,,,,,
absolutely continuous,բացարձակ անընդհատ,,,,,,,,
abstract algebra,աբստրակտ հանրահաշիվ,,,,,,,,
accumulation point,կուտակման կետ,,,,,,,,
additive,"ադիտիվ, երբեմն նաև՝ գումարային",,,,,,,,
additive group,գումարային խումբ,,,,,,,,
adherent point,հպման կետ,,,,,,,,
adjacency matrix,հարևանության մատրից,,,,,,,,
adjacent ,հարևան,,,,,,,,
adjoint operator,համալուծ օպերատոր,,,,,,,,
adjugate matrix,կից մատրից,,,,,,,,
admissible,թույլատրելի,,,,,,,,
affine map,աֆինական արտապատկերում,,,,,,,,
affine transformation,աֆինական ձևափոխություն,,,,,,,,
algebra,հանրահաշիվ,,,,,,,,
algebra homomorphism,հանրահաշիվների հոմոմորֆիզմ,,,,,,,,
algebraic closure,հանրահաշվական փակում / փակույթ,,,,,,,,
algebraic curve,հանրահաշվական կոր ,,,,,,,,
algebraic extension,հանրահաշվական ընդլայնում,,,,,,,,
algebraic number,հանրահաշվական թիվ,,,,,,,,
algebraic topology,հանրահաշվական տոպոլոգիա,,,,,,,,
almost everywhere (a.e.),համարյա ամենուրեք (հ․ա․),,,,,,,,
almost sure (a.s.),համարյա հավաստի (հ․հ․),,,,,,,,
alternating series,նշանափոխ շարք,,,,,,,,
altitude,բարձրություն,,,,,,,,
amalgamated free product,համաձուլված ազատ արտադրյալ,,,,,,,,
ambient space,ընդգրկող տարածություն,,,,,,,,
analytic continuation,անալիտիկ շարունակություն,,,,,,,,
analytic function,անալիտիկ ֆունկցիա,,,,,,,,
analytic geometry,վերլուծական երկրաչափություն,,,,,,,,
angle bisector,կիսորդ,,,,,,,,
annulus,օղակ,,,,,,,,
antiderivative,նախնական,,,,,,,,
antiparallel,"1․ հակուղղված (վեկտորների դեպքում), 2․ հակազուգահեռ (ուղիղների դեպքում)",,,,,,,,
apothem,հարթագիծ,,,,,,,,
applied mathematics,կիրառական մաթեմատիկա,,,,,,,,
approximate identity,միավորի մոտարկում,,,,,,,,
approximation,մոտարկում,,,,,,,,
arc,աղեղ,,,,,,,,
area,մակերես,,,,,,,,
argument principle,արգումենտի սկզբունք,,,,,,,,
arithmetic mean,միջին թվաբանական ,,,,,,,,
arithmetic progression,թվաբանական պրոգրեսիա,,,,,,,,
associative,զուգորդական,,,,,,,,
asymptotic,ասիմպտոտիկ,,,,,,,,
atlas,ատլաս,,,,,,,,
attainable,հասանելի,,,,,,,,
augmented matrix,ընդլայնված մատրից,,,,,,,,
automorphism,ավտոմորֆիզմ,,,,,,,,
automorphism group,ավտոմորֆիզմների խումբ,,,,,,,,
autonomous system,ինքնավար համակարգ,,,,,,,,
axiom,աքսիոմ,,,,,,,,
axiom of choice,ընտրության աքսիոմ,,,,,,,,
axiomatic system,աքսիոմատիկ համակարգ,,,,,,,,
axis,առանցք,,,,,,,,
backward equation,հետադարձ հավասարում,,,,,,,,
balanced set,հավասարակշռված բազմություն,,,,,,,,
ball,գունդ,,,,,,,,
Banach algebra,բանախյան հանրահաշիվ,,,,,,,,
Banach space,բանախյան տարածություն,,,,,,,,
base,"1․ բազա (տոպոլոգիայի), 2․ հիմք (աստիճան բարձրացված թիվը)",,,,,,,,
basis,"հենք, բազիս",,,,,,,,
behavior,վարք,,,,,,,,
Bernoulli trials,Բեռնուլիի փորձեր,,,,,,,,
best approximation,լավագույն մոտարկում,,,,,,,,
beta distribution,բետա բաշխում,,,,,,,,
bijective,"բիյեկտիվ, փոխմիարժեք",,,,,,,,
bilinear form,երկգծային ձև,,,,,,,,
binary relation,երկտեղ/բինար հարաբերություն,,,,,,,,
binary system,երկուական համակարգ,,,,,,,,
binomial ,երկանդամ,,,,,,,,
binomial distribution,բինոմական բաշխում,,,,,,,,
bipartite graph,երկկողմանի գրաֆ,,,,,,,,
bisection method,[միջակայքի] կիսման մեթոդ,,,,,,,,
bit,բիթ,,,,,,,,
block matrix,բլոկ-մատրից,,,,,,,,
Bolzano-Weierstrass theorem,Բոլցանո-Վայերշտրասի թեորեմ,,,,,,,,
Boolean algebra,բուլյան հանրահաշիվ,,,,,,,,
Borel set,բորելյան բազմություն,,,,,,,,
Borel-Cantelli lemma,Բորել-Կանտելիի լեմմա,,,,,,,,
boundary,"եզր, եզրագիծ",,,,,,,,
boundary condition,եզրային պայման,,,,,,,,
boundary point,եզրային կետ,,,,,,,,
bounded [from above/below],[վերևից/ներքևից] սահմանափակ,,,,,,,,
bounded variation,"վերջավոր վարիացիա, երբեմն նաև՝ սահմանափակ վարիացիա",,,,,,,,
branch,ճյուղ,,,,,,,,
branch cut,հատվածային ճեղք,,,,,,,,
branch point,ճյուղավորման կետ,,,,,,,,
Brownian motion,բրոունյան / բրաունյան շարժում,,,,,,,,
canonical map,կանոնական արտապատկերում,,,,,,,,
cardinal number,կարդինալ թիվ,,,,,,,,
cardinality,հզորություն,,,,,,,,
Cartesian product,դեկարտյան արտադրյալ,,,,,,,,
category,կատեգորիա,,,,,,,,
category theory,կատեգորիաների տեսություն,,,,,,,,
Cauchy integral formula,Կոշիի ինտեգրալային բանաձև,,,,,,,,
Cauchy integral theorem,Կոշիի ինտեգրալային թեորեմ,,,,,,,,
Cauchy problem,Կոշիի խնդիր,,,,,,,,
Cauchy sequence,"ֆունդամենտալ հաջորդականություն, Կոշիի հաջորդականություն",,,,,,,,
Cauchy-Kovalevskaya theorem,Կոշի-Կովալևսկայայի թեորեմ,,,,,,,,
Cauchy-Riemann equations,Կոշի-Ռիմանի պայմաններ / հավասարումներ,,,,,,,,
Cauchy's convergence test / criterion,Կոշիի զուգամիտության սկզբունք,,,,,,,,
center of a group,խմբի կենտրոն,,,,,,,,
central limit theorem,կենտրոնական սահմանային թեորեմ,,,,,,,,
centralizer,ցենտրալիզատոր,,,,,,,,
chain rule,շղթայի կանոն,,,,,,,,
change of basis,"հենքի փոփոխություն, անցում մի հենքից մյուսին",,,,,,,,
change of variable,փոփոխականի փոխարինում,,,,,,,,
characteristic equation,բնութագրիչ հավասարում,,,,,,,,
characteristic function,բնութագրիչ ֆունկցիա,,,,,,,,
characteristic polynomial,բնութագրիչ բազմանդամ,,,,,,,,
characterization,բնութագրում,,,,,,,,
chart,քարտեզ,,,,,,,,
chi-squared distribution,խի-քառակուսի բաշխում,,,,,,,,
Chinese remainder theorem,մնացքների չինական թեորեմ,,,,,,,,
chord,լար,,,,,,,,
Christoffel symbols,Քրիստոֆելի սիմվոլներ,,,,,,,,
circle,շրջանագիծ,,,,,,,,
circumscribed,արտագծած,,,,,,,,
class,դաս,,,,,,,,
closed curve,փակ կոր,,,,,,,,
closed graph theorem,փակ գրաֆիկի [մասին] թեորեմ,,,,,,,,
closed interval,"փակ միջակայք, հատված (սահմանափակ դեպքում)",,,,,,,,
closed map,փակ արտապատկերում,,,,,,,,
closed set,փակ բազմություն,,,,,,,,
closed under addition,գումարման նկատմամբ փակ,,,,,,,,
closure,"փակում, փակույթ",,,,,,,,
cluster point,կուտակման կետ,,,,,,,,
coarser topology,[ավելի] թույլ տոպոլոգիա,,,,,,,,
codimension,կոչափողականություն,,,,,,,,
codirectional,համուղղված,,,,,,,,
codomain,փոփոխման տիրույթ,,,,,,,,
coefficient,գործակից,,,,,,,,
cofactor,հանրահաշվական լրացում,,,,,,,,
cofinite topology,վերջավոր լրացումների տոպոլոգիա,,,,,,,,
cohomology,կոհոմոլոգիա,,,,,,,,
colinear,համագիծ,,,,,,,,
collection,"հավաքածու, համախմբություն, համախումբ",,,,,,,,
coloring,ներկում,,,,,,,,
column space,սյունային տարածություն,,,,,,,,
column vector,սյուն-վեկտոր,,,,,,,,
combinatorics,կոմբինատորիկա,,,,,,,,
commutant,կոմուտանտ,,,,,,,,
commutative,"տեղափոխական, կոմուտատիվ",,,,,,,,
commutator,կոմուտատոր,,,,,,,,
compact ,կոմպակտ,,,,,,,,
compact embedding,կոմպակտ ներդրում,,,,,,,,
compact operator,կոմպակտ օպերատոր,,,,,,,,
compactly supported,կոմպակտ կրիչով,,,,,,,,
compactness,կոմպակտություն,,,,,,,,
comparable,համեմատելի,,,,,,,,
comparison test,բաղդատման հայտանիշ,,,,,,,,
compatible,համատեղելի,,,,,,,,
complement,լրացում,,,,,,,,
complete,լրիվ ,,,,,,,,
completeness,լրիվություն,,,,,,,,
completion,լրիվացում,,,,,,,,
complex analysis,կոմպլեքս անալիզ,,,,,,,,
complex conjugate,կոմպլեքս համալուծ,,,,,,,,
complex number,կոմպլեքս թիվ,,,,,,,,
complex plane,կոմպլեքս հարթություն,,,,,,,,
complex-valued,կոմպլեքսարժեք,,,,,,,,
complexity,բարդություն,,,,,,,,
component,բաղադրիչ,,,,,,,,
component interval,բաղկացուցիչ միջակայք,,,,,,,,
composite function,բարդ ֆունկցիա,,,,,,,,
composite number,բաղադրյալ թիվ,,,,,,,,
composition,համադրույթ,,,,,,,,
computability,կարգընթացություն,,,,,,,,
computational error,հաշվողական սխալանք,,,,,,,,
concave,գոգավոր,,,,,,,,
concentric,համակենտրոն,,,,,,,,
conditional expectation,պայմանական մաթսպասում,,,,,,,,
conditional probability,պայմանական հավանականություն,,,,,,,,
conditionally convergent,պայմանական զուգամետ,,,,,,,,
cone,կոն,,,,,,,,
confidence interval,վստահության միջակայք,,,,,,,,
conformal map,կոնֆորմ արտապատկերում,,,,,,,,
congruent,կոնգրուենտ,,,,,,,,
conic,կոնական,,,,,,,,
conjugacy class,համալուծության դաս,,,,,,,,
conjunctive normal form,կոնյունկտիվ նորմալ ձև,,,,,,,,
connected,կապակցված,,,,,,,,
connected component,կապակցվածության բաղադրիչ,,,,,,,,
connectedness,կապակցվածություն,,,,,,,,
connection,կապակցություն,,,,,,,,
consistency,1․ անհակասականություն (ֆորմալ համակարգի մասին) 2․ ունակություն (գնահատականի մասին),,,,,,,,
constant,հաստատուն,,,,,,,,
constant term,ազատ անդամ,,,,,,,,
continued fraction,շղթայական կոտորակ,,,,,,,,
continuity,անընդհատություն,,,,,,,,
continuous,անընդհատ,,,,,,,,
continuous dependence,անընդհատ կախվածություն,,,,,,,,
continuous representative,անընդհատ ներկայացուցիչ,,,,,,,,
continuum,կոնտինուում,,,,,,,,
continuum hypothesis,կոնտինուում-վարկած,,,,,,,,
contour,կոնտուր,,,,,,,,
contraction,"կծկում, սեղմում",,,,,,,,
contraction mapping,սեղմող արտապատկերում,,,,,,,,
contradiction,հակասություն,,,,,,,,
convergence,զուգամիտություն,,,,,,,,
convergent in distribution,ըստ բաշխման զուգամետ,,,,,,,,
convergent in measure / probability,ըստ չափի / հավանականության զուգամետ,,,,,,,,
convergent in norm,"ըստ նորմի զուգամետ, նորմով զուգամետ",,,,,,,,
convex,ուռուցիկ,,,,,,,,
convex combination,ուռուցիկ զուգակցություն/կոմբինացիա,,,,,,,,
convex envelope / hull,ուռուցիկ թաղանթ,,,,,,,,
convexity,ուռուցիկություն,,,,,,,,
convolution,փաթույթ,,,,,,,,
coordinate,կոորդինատ,,,,,,,,
coordinate system,կոորդինատային / կոորդինատական համակարգ,,,,,,,,
coordinatewise convergence,կոորդինատային զուգամիտություն,,,,,,,,
coplanar,համահարթ,,,,,,,,
coprime,փոխադարձ[աբար] պարզ,,,,,,,,
coproduct,կոարտադրյալ,,,,,,,,
corollary,հետևանք,,,,,,,,
correlation,կոռելացիա,,,,,,,,
coset,հարակից դաս,,,,,,,,
countable set,հաշվելի բազմություն,,,,,,,,
counterexample,հակաօրինակ,,,,,,,,
counting measure,հաշվող չափ,,,,,,,,
covariance matrix,կովարիացիոն մատրից,,,,,,,,
covering space,"ծածկող տարածություն, ծածկոց",,,,,,,,
critical point,կրիտիկական կետ,,,,,,,,
cross product,վեկտորական արտադրյալ,,,,,,,,
cross-ratio,կրկնակի հարաբերություն,,,,,,,,
cube,խորանարդ,,,,,,,,
cumulative distribution function (cdf),բաշխման ֆունկցիա,,,,,,,,
curvature,կորություն,,,,,,,,
curvilinear,կորագիծ,,,,,,,,
curvilinear trapezoid,կորագիծ սեղան,,,,,,,,
cycle,ցիկլ,,,,,,,,
cyclic group,"ցիկլիկ խումբ, միածին խումբ",,,,,,,,
cyclotomic polynomial,ցիկլոտոմիկ բազմանդամ,,,,,,,,
cylinder,գլան,,,,,,,,
decimal,տասնորդական,,,,,,,,
decreasing,նվազող,,,,,,,,
Dedekind cut,Դեդեկինդի հատույթ,,,,,,,,
deduction,դեդուկցիա,,,,,,,,
defining relations,որոշիչ առնչություններ,,,,,,,,
definition,սահմանում,,,,,,,,
degenerate,վերասերված,,,,,,,,
degree,աստիճան,,,,,,,,
degrees of freedom,ազատության աստիճաններ,,,,,,,,
denominator,հայտարար,,,,,,,,
dense,"խիտ, երբեմն՝ ամենուրեք խիտ",,,,,,,,
density,խտություն,,,,,,,,
density point,խտության կետ,,,,,,,,
derivative,ածանցյալ,,,,,,,,
descriptive statistics,նկարագրական վիճակագրություն,,,,,,,,
determinant,որոշիչ,,,,,,,,
diagonal,անկյունագիծ,,,,,,,,
diagonal dominance,անկյունագծային գերիշխում,,,,,,,,
diagonal matrix,անկյունագծային մատրից,,,,,,,,
diagonal matrix,անկյունագծային մատրից,,,,,,,,
diagonalization,անկյունագծայնացում,,,,,,,,
diameter,տրամագիծ,,,,,,,,
diametrically opposite ,տրամագծորեն հակադիր,,,,,,,,
diffeomorphism,դիֆեոմորֆիզմ,,,,,,,,
difference,տարբերություն,,,,,,,,
difference equation,տարբերական հավասարում,,,,,,,,
differentiable,"դիֆերենցելի, ածանցելի",,,,,,,,
differential form,դիֆերենցիալ ձև,,,,,,,,
differential form,դիֆերենցիալ ձև,,,,,,,,
digraph (=directed graph),դիգրաֆ (=կողմնորոշված գրաֆ),,,,,,,,
dihedral angle,երկնիստ անկյուն,,,,,,,,
dimension,չափողականություն,,,,,,,,
dimensionality reduction,չափողականության իջեցում,,,,,,,,
Dirac operator,Դիրակի օպերատոր,,,,,,,,
direct product,ուղիղ արտադրյալ,,,,,,,,
direct sum,ուղիղ գումար,,,,,,,,
directed line segment,ուղղորդված հատված,,,,,,,,
direction cosine,ուղղորդ կոսինուս,,,,,,,,
direction field,ուղղությունների դաշտ,,,,,,,,
directional derivative,ուղղությամբ ածանցյալ,,,,,,,,
directly proportional,ուղիղ համեմատական,,,,,,,,
discontinuity,խզում,,,,,,,,
discrete distribution,դիսկրետ բաշխում,,,,,,,,
discriminant,դիսկրիմինանտ,,,,,,,,
disjoint,"չհատվող, անհամատեղելի (պատահույթների դեպքում)",,,,,,,,
disjunctive normal form,դիզյունկտիվ նորմալ ձև,,,,,,,,
disk,շրջան,,,,,,,,
distance,հեռավորություն,,,,,,,,
distributive,բաշխական,,,,,,,,
divergence,"1․ տարամիտություն (շարքի), 2․ դիվերգենցիա (վեկտորական դաշտի) ",,,,,,,,
divided difference,բաժանվող տարբերություն,,,,,,,,
division algebra,բաժանումով հանրահաշիվ,,,,,,,,
divisor,բաժանարար,,,,,,,,
domain,"1․ տիրույթ (բաց կապակցված բազմություն), 2․ որոշման տիրույթ (ֆունկցիայի)",,,,,,,,
dominated convergence theorem,"Լեբեգի թեորեմ, մաժորանտով զուգամիտության թեորեմ ",,,,,,,,
dot product,սկալյար արտադրյալ,,,,,,,,
double factorial,կիսաֆակտորիալ,,,,,,,,
double integral,կրկնակի ինտեգրալ,,,,,,,,
dual space,համալուծ տարածություն,,,,,,,,
duality,"երկակիություն, համալուծություն",,,,,,,,
edge,"1․ կողմ (բազմանկյան մեջ), 2․ կող (գրաֆի մեջ)",,,,,,,,
efficient estimator,արդյունավետ գնահատական,,,,,,,,
eigenspace,սեփական տարածություն,,,,,,,,
eigenvalue,սեփական արժեք,,,,,,,,
eigenvector,սեփական վեկտոր,,,,,,,,
element,"տարր, էլեմենտ",,,,,,,,
elementary matrix,տարրական մատրից,,,,,,,,
elementary row operation,տարրական տողային գործողություն / ձևափոխություն,,,,,,,,
elliptic,էլիպտիկ / էլիպտական ,,,,,,,,
embedding,ներդրում,,,,,,,,
empty set,դատարկ բազմություն,,,,,,,,
enclosed volume,պարփակված ծավալ,,,,,,,,
endomorphism,էնդոմորֆիզմ,,,,,,,,
endpoint,ծայրակետ,,,,,,,,
entire function,ամբողջ ֆունկցիա,,,,,,,,
entropy,էնտրոպիա,,,,,,,,
epimorphism,էպիմորֆիզմ,,,,,,,,
equality,հավասարում,,,,,,,,
equation,հավասարություն,,,,,,,,
equiareal ,հավասարամեծ,,,,,,,,
equicontinuous,հավասարաստիճան անընդհատ,,,,,,,,
equidistant,հավասարահեռ,,,,,,,,
equidistributed,հավասարաչափ բաշխված,,,,,,,,
equilateral,հավասարակողմ,,,,,,,,
equinumerous,"հավասարազոր, հավասարաքանակ",,,,,,,,
equiprobable,"հավասարահավանական, հավասարահնարավոր",,,,,,,,
equivalence relation,համարժեքության հարաբերություն,,,,,,,,
equivalent,համարժեք,,,,,,,,
ergodic,էրգոդիկ,,,,,,,,
error,սխալանք,,,,,,,,
essential singular point,էապես եզակի կետ,,,,,,,,
estimator,գնահատական,,,,,,,,
Euclidean algorithm,Էվկլիդեսի ալգորիթմ,,,,,,,,
Euler's number,Էյլերի թիվ,,,,,,,,
Eulerian path / trail,էյլերյան ճանապարհ,,,,,,,,
even,զույգ,,,,,,,,
event,պատահույթ,,,,,,,,
everywhere dense,ամենուրեք խիտ,,,,,,,,
exact differential,"լրիվ դիֆերենցիալ, երբեմն նաև՝ ճշգրիտ դիֆերենցիալ",,,,,,,,
exhaustion by compact sets,կոմպակտ սպառում,,,,,,,,
existence,գոյություն,,,,,,,,
expectation / expected value,մաթսպասում (=մաթեմատիկական սպասում),,,,,,,,
explicit,բացահայտ,,,,,,,,
exponent,"էքսպոնենտ, ցուցիչ",,,,,,,,
exponential,"ցուցչային, էքսպոնենցիալ",,,,,,,,
extended $\mathbb{R}$,ընդլայնված $\mathbb{R}$,,,,,,,,
extension,"1․ ընդլայնում (հանրահաշվական օբյեկտի), 2․ շարունակություն (ֆունկցիայի)",,,,,,,,
exterior,արտաքնամաս,,,,,,,,
external point,արտաքին կետ,,,,,,,,
extreme point,գագաթնային կետ,,,,,,,,
face,նիստ,,,,,,,,
Fatou's lemma,Ֆատուի լեմմա,,,,,,,,
fiber,շերտ,,,,,,,,
Fibonacci sequence,Ֆիբոնաչիի հաջորդականություն,,,,,,,,
field,դաշտ,,,,,,,,
field characteristic,դաշտի բնութագրիչ,,,,,,,,
field extension,դաշտի ընդլայնում,,,,,,,,
filtration,ֆիլտրացիա,,,,,,,,
finer topology,[ավելի] ուժեղ տոպոլոգիա,,,,,,,,
finite complement topology,վերջավոր լրացումների տոպոլոգիա,,,,,,,,
finite difference method,վերջավոր տարբերությունների մեթոդ,,,,,,,,
finite element method,վերջավոր տարրերի/էլեմենտների մեթոդ,,,,,,,,
finite group,վերջավոր խումբ,,,,,,,,
finite measure space,վերջավոր չափով տարածություն,,,,,,,,
finite-dimensional,վերջավոր չափանի,,,,,,,,
finitely generated,վերջավոր ծնված,,,,,,,,
finitely presented,վերջավոր տրված,,,,,,,,
first fundamental form,"առաջին ֆունդամենտալ ձև, առաջին քառակուսային ձև",,,,,,,,
first isomorphism theorem,"հոմոմորֆիզմների հիմնական թեորեմ, իզոմորֆիզմների առաջին թեորեմ",,,,,,,,
fixpoint / fixed point,անշարժ կետ,,,,,,,,
flux,հոսք,,,,,,,,
focus,"կիզակետ, ֆոկուս",,,,,,,,
forest,անտառ,,,,,,,,
formula,բանաձև,,,,,,,,
forward equation,ուղղակի հավասարում,,,,,,,,
Fourier coefficient,Ֆուրյեի գործակից,,,,,,,,
Fourier series,Ֆուրյեի շարք,,,,,,,,
Fourier transform,Ֆուրյեի ձևափոխություն,,,,,,,,
fractional part,կոտորակային մաս,,,,,,,,
Fréchet derivative,Ֆրեշեի ածանցյալ,,,,,,,,
Fredholm alternative,Ֆրեդհոլմի այլընտրանք,,,,,,,,
free boundary problem,ազատ եզրով խնդիր,,,,,,,,
free group,ազատ խումբ,,,,,,,,
free product,ազատ արտադրյալ,,,,,,,,
free variable,ազատ փոփոխական,,,,,,,,
free vector,ազատ վեկտոր,,,,,,,,
frequency,հաճախություն,,,,,,,,
function,ֆունկցիա,,,,,,,,
functional,ֆունկցիոնալ,,,,,,,,
functor,ֆունկտոր,,,,,,,,
fundamental group,ֆունդամենտալ խումբ,,,,,,,,
fundamental solution,հիմնարար լուծում,,,,,,,,
fundamental theorem of calculus,Նյուտոն-Լայբնիցի բանաձև,,,,,,,,
Galois theory,Գալուայի տեսություն,,,,,,,,
gamma distribution,գամմա բաշխում,,,,,,,,
Gâteaux derivative,Գատոյի ածանցյալ,,,,,,,,
Gauss-Seidel method,Գաուս-Զեյդելի մեթոդ,,,,,,,,
Gaussian process,գաուսյան պրոցես,,,,,,,,
general solution,ընդհանուր լուծում,,,,,,,,
general term,ընդհանուր անդամ,,,,,,,,
generalized function,ընդհանրացված ֆունկցիա,,,,,,,,
generating set,ծնիչ/ծնորդ բազմություն,,,,,,,,
generator,"ծնիչ, ծնորդ",,,,,,,,
genus,սեռ,,,,,,,,
geodesic,գեոդեզիկ,,,,,,,,
geometric distribution,երկրաչափական բաշխում,,,,,,,,
geometric mean,միջին երկրաչափական,,,,,,,,
global extremum,գլոբալ էքստրեմում,,,,,,,,
gradient,գրադիենտ,,,,,,,,
gradient descent,գրադիենտային վայրէջք,,,,,,,,
Gram matrix,Գրամի մատրից,,,,,,,,
graph,"1․ գրաֆ (կոմբինատորիկա), 2․ գրաֆիկ (ֆունկցիայի)",,,,,,,,
graph homomorphism,գրաֆների հոմոմորֆիզմ,,,,,,,,
graph traversal,գրաֆի շրջանցում,,,,,,,,
greatest common divisor,ամենամեծ ընդհանուր բաժանարար,,,,,,,,
greedy algorithm,ագահ ալգորիթմ,,,,,,,,
group,խումբ,,,,,,,,
group action,խմբի ազդեցություն,,,,,,,,
group homomorphism,խմբերի հոմոմորֆիզմ,,,,,,,,
group operation,խմբի գործողություն,,,,,,,,
grouping,խմբավորում,,,,,,,,
groupoid,"խմբոիդ, խմբակերպ",,,,,,,,
half-open / half-closed,կիսաբաց / կիսափակ,,,,,,,,
half-plane,կիսահարթություն,,,,,,,,
half-space,կիսատարածություն,,,,,,,,
Hardy-Littlewood maximal function,Հարդի-Լիթլվուդի մաքսիմալ ֆունկցիա,,,,,,,,
harmonic conjugate,հարմոնիկ համալուծ,,,,,,,,
harmonic function,հարմոնիկ ֆունկցիա,,,,,,,,
harmonic mean,միջին հարմոնիկ,,,,,,,,
Hausdorff space,հաուսդորֆյան տարածություն,,,,,,,,
heat equation,ջերմահաղորդականության հավասարում,,,,,,,,
hemisphere ,"կիսագունդ, կիսասֆերա",,,,,,,,
hereditary property,ժառանգական հատկություն,,,,,,,,
Hermitian matrix,էրմիտյան մատրից,,,,,,,,
Hessian matrix,հեսիան մատրից,,,,,,,,
higher-order derivatives,բարձր կարգի ածանցյալներ,,,,,,,,
Hilbert space,հիլբերտյան տարածություն,,,,,,,,
Hilbert transform,Հիլբերտի ձևափոխություն,,,,,,,,
holomorphic function,հոլոմորֆ ֆունկցիա,,,,,,,,
homeomorphism,հոմեոմորֆիզմ,,,,,,,,
homogeneous,համասեռ,,,,,,,,
homology,հոմոլոգիա,,,,,,,,
homology group,հոմոլոգիական խումբ,,,,,,,,
homotopy,հոմոտոպիա,,,,,,,,
homotopy equivalence,հոմոտոպիական համարժեքություն,,,,,,,,
horizontal asymptote,հորիզոնական ասիմպտոտ,,,,,,,,
hyperbolic,հիպերբոլական,,,,,,,,
hypergeometric,հիպերերկրաչափական,,,,,,,,
hyperplane,հիպերհարթություն,,,,,,,,
hypersurface,հիպերմակերևույթ,,,,,,,,
hypotenuse,ներքնաձիգ,,,,,,,,
hypothesis testing,վարկածների ստուգում,,,,,,,,
ideal,իդեալ,,,,,,,,
idempotent,իդեմպոտենտ,,,,,,,,
identically distributed,միատեսակ բաշխված,,,,,,,,
identically zero,նույնաբար զրո,,,,,,,,
identification,նույնացում,,,,,,,,
identity,նույնություն,,,,,,,,
identity map,նույնական արտապատկերում,,,,,,,,
identity matrix,միավոր մատրից,,,,,,,,
if and only if (iff),այն և միայն այն դեպքում,,,,,,,,
image,պատկեր,,,,,,,,
imaginary part,կեղծ մաս,,,,,,,,
immersion,ընկղմում,,,,,,,,
implicit,անբացահայտ,,,,,,,,
implicit function theorem,անբացահայտ ֆունկցիայի թեորեմ,,,,,,,,
improper integral,անիսկական ինտեգրալ,,,,,,,,
improper integral depending on parameters,պարամետրից կախված անիսկական ինտեգրալ (ՊԿԱԻ),,,,,,,,
incidence matrix,կցության մատրից,,,,,,,,
incident ,կից,,,,,,,,
inclusion,պարունակում,,,,,,,,
inclusion [partial] order,ըստ պարունակման [մասնակի] կարգ,,,,,,,,
inclusion-exclusion principle,կցման-արտաքսման սկզբունք,,,,,,,,
incompleteness,ոչ լրիվություն,,,,,,,,
increasing,աճող,,,,,,,,
indefinite ,անորոշ,,,,,,,,
independence,անկախություն,,,,,,,,
independent and identically distributed (i.i.d.),անկախ և միատեսակ բաշխված,,,,,,,,
independent random variables,անկախ պատահական մեծություններ,,,,,,,,
index of a subgroup,ենթախմբի ինդեքս,,,,,,,,
indexed family,ինդեքսավորված ընտանիք,,,,,,,,
indicator function,ինդիկատոր ֆունկցիա,,,,,,,,
induced metric,մակածված մետրիկա,,,,,,,,
induction,ինդուկցիա,,,,,,,,
infimum,"ինֆիմում, ճշգրիտ ստորին եզր",,,,,,,,
infinite product,անվերջ արտադրյալ,,,,,,,,
infinite set,անվերջ բազմություն,,,,,,,,
infinite sum,անվերջ գումար,,,,,,,,
infinite-dimensional,անվերջ չափանի,,,,,,,,
infinitesimal,անվերջ փոքր,,,,,,,,
infinity,"անվերջություն, անսահմանություն",,,,,,,,
inflection point,շրջման կետ,,,,,,,,
inhomogeneous,տարասեռ,,,,,,,,
initial condition,սկզբնական պայման,,,,,,,,
initial value problem (IVP),"Կոշիի խնդիր, երբեմն նաև՝ սկզբնական խնդիր",,,,,,,,
injective,ինյեկտիվ,,,,,,,,
inner product,"ներքին արտադրյալ, սկալյար արտադրյալ",,,,,,,,
inscribed,ներգծած,,,,,,,,
integer,"ամբողջ թիվ (որպես գոյական), ամբողջ, ամբողջաթվային (որպես ածական)",,,,,,,,
integer-valued,ամբողջարժեք,,,,,,,,
integrable,ինտեգրելի,,,,,,,,
integral,ինտեգրալ,,,,,,,,
integral depending on parameters,պարամետրից կախված ինտեգրալ (ՊԿԻ),,,,,,,,
integral domain,ամբողջության տիրույթ,,,,,,,,
integral part,ամբողջ մաս,,,,,,,,
integration by parts,մասերով ինտեգրում,,,,,,,,
interior,ներքնամաս,,,,,,,,
intermediate value theorem,միջին արժեքի թեորեմ,,,,,,,,
internal point,ներքին կետ,,,,,,,,
interpolation,ինտերպոլացիա,,,,,,,,
intersection,հատում,,,,,,,,
interval estimate,միջակայքային գնատահական,,,,,,,,
invariant,ինվարիանտ,,,,,,,,
inverse,հակադարձ,,,,,,,,
inverse function theorem,հակադարձ ֆունկցիայի թեորեմ,,,,,,,,
inverse image,նախապատկեր,,,,,,,,
inversely proportional,հակադարձ համեմատական,,,,,,,,
invertible,հակադարձելի,,,,,,,,
irrational,իռացիոնալ,,,,,,,,
irreducible fraction,անկրճատելի կոտորակ,,,,,,,,
irreducible polynomial,չբերվող բազմանդամ,,,,,,,,
isolated point,մեկուսացված կետ,,,,,,,,
isolated singular point,մեկուսացված եզակի կետ,,,,,,,,
isometric,իզոմետրիկ,,,,,,,,
isometry,իզոմետրիա,,,,,,,,
isomorphic,իզոմորֆ,,,,,,,,
isomorphism,իզոմորֆիզմ,,,,,,,,
isosceles,հավասարասրուն,,,,,,,,
iterated limit,հաջորդական սահման,,,,,,,,
iterative method,"իտերատիվ մեթոդ, երբեմն նաև՝ կրկնատեղադրման մեթոդ",,,,,,,,
Itô integral,Իտոյի ինտեգրալ,,,,,,,,
Jacobian,յակոբիան,,,,,,,,
joint distribution,համատեղ բաշխում,,,,,,,,
Jordan canonical form,"ժորդանյան նորմալ տեսք, ժորդանյան կանոնական տեսք",,,,,,,,
Jordan curve,ժորդանյան կոր,,,,,,,,
Jordan decomposition,Ժորդանի վերլուծություն,,,,,,,,
jump,թռիչք,,,,,,,,
kernel,"1․ միջուկ (արտապատկերման զրոների դեպքում), 2․ կորիզ (ինտեգրալ օպերատորի դեպքում)",,,,,,,,
Klein bottle,Քլայնի շիշ,,,,,,,,
Kuratowski closure operator,Կուրատովսկու փակման գործողություն,,,,,,,,
L'Hôpital's rule,Լոպիտալի կանոն,,,,,,,,
Lagrange multipliers,Լագրանժի բազմապատկիչներ,,,,,,,,
Laplace transform,Լապլասի ձևափոխություն,,,,,,,,
Laplace-Beltrami operator,Լապլաս-Բելտրամիի օպերատոր,,,,,,,,
lattice,"1․ ցանց (տարածության քանորդ, ինչպես $\mathbb{Z}^n$-ը), 2․ կավար (մասնակի կարգի տեսակ)",,,,,,,,
Laurent series,Լորանի շարք,,,,,,,,
law of large numbers,մեծ թվերի օրենք,,,,,,,,
leading coefficient,ավագ անդամ,,,,,,,,
least common multiple,ամենափոքր ընդհանուր բազմապատիկ,,,,,,,,
least squares method,փոքրագույն քառակուսիների մեթոդ,,,,,,,,
Lebesgue integral,Լեբեգի ինտեգրալ,,,,,,,,
Lebesgue measure,Լեբեգի չափ,,,,,,,,
Lebesgue space,Լեբեգի տարածություն,,,,,,,,
left-continuous,ձախից անընդհատ,,,,,,,,
leg,"1․ սրունք (հավասարասրուն եռանկյան մեջ), 2․ էջ (ուղղանկյուն եռանկյան մեջ)",,,,,,,,
level curve,մակարդակի գիծ,,,,,,,,
Levi-Civita connection,Լևի-Չիվիտայի կապակցություն,,,,,,,,
Lévy process,Լևիի պրոցես,,,,,,,,
Lie algebra,Լիի հանրահաշիվ,,,,,,,,
likelihood,ճշմարտանմանություն,,,,,,,,
limit,սահման,,,,,,,,
limit inferior,ստորին սահման,,,,,,,,
limit point,սահմանային կետ,,,,,,,,
limit superior,վերին սահման,,,,,,,,
line,ուղիղ,,,,,,,,
line segment,հատված,,,,,,,,
linear algebra,գծային հանրահաշիվ,,,,,,,,
linear combination,գծային զուգակցություն/կոմբինացիա,,,,,,,,
linear dependence,գծային կախվածություն,,,,,,,,
linear form,գծային ձև,,,,,,,,
linear fractional transformation,կոտորակագծային ձևափոխություն,,,,,,,,
linear independence,գծային անկախություն,,,,,,,,
linear map,գծային արտապատկերում,,,,,,,,
linear operator,գծային օպերատոր,,,,,,,,
linear programming,գծային ծրագրավորում,,,,,,,,
linear regression,գծային ռեգրեսիա,,,,,,,,
linear transformation,գծային ձևափոխություն,,,,,,,,
linearization,գծայնացում,,,,,,,,
linearly dependent,գծորեն կախված/կախյալ,,,,,,,,
linearly independent,գծորեն անկախ,,,,,,,,
Lipschitz continuous,"Լիպշիցի պայմանին բավարարող, Լիպշիցի դասին պատկանող, Լիպշից-անընդհատ",,,,,,,,
Littlewood-Paley theory,Լիթլվուդ-Փեյլիի տեսություն,,,,,,,,
local extremum,լոկալ էքստրեմում,,,,,,,,
localization,"լոկալիզացիա, տեղայնացում",,,,,,,,
locally compact,լոկալ կոմպակտ,,,,,,,,
locus,[կետերի] երկրաչափական տեղ,,,,,,,,
loop ,"1․ մերակ, փակ ուղի (տոպոլոգիական տարածությունում), 2․ ցիկլ (ալգորիթմում)",,,,,,,,
loss function,կորստի ֆունկցիա,,,,,,,,
lower bound,ստորին եզր,,,,,,,,
lower semicontinuous,ներքևից կիսաանընդհատ,,,,,,,,
lower triangular matrix,ստորին եռանկյունաձև մատրից,,,,,,,,
LU decomposition,LU վերլուծություն,,,,,,,,
Maclaurin series,Մակլորենի շարք,,,,,,,,
manifold,բազմաձևություն,,,,,,,,
manifold with boundary,եզրով բազմաձևություն,,,,,,,,
manifold without boundary,անեզր բազմաձևություն,,,,,,,,
Markov chain,մարկովյան շղթա,,,,,,,,
Markov inequality,Մարկովի անհավասարություն,,,,,,,,
martingale,մարտինգալ,,,,,,,,
mathematical logic,մաթեմատիկական տրամաբանություն,,,,,,,,
matrix,մատրից,,,,,,,,
matrix exponential,մատրիցի էքսպոնենտ,,,,,,,,
matrix group,մատրիցային խումբ,,,,,,,,
maximal element,մաքսիմալ տարր,,,,,,,,
maximal operator,մաքսիմալ օպերատոր,,,,,,,,
maximum likelihood,ճշմարտանմանության մաքսիմում,,,,,,,,
maximum principle,մաքսիմումի սկզբունք,,,,,,,,
meager set,"չնչին բազմություն, 1-ին կատեգորիայի բազմություն",,,,,,,,
mean curvature,միջին կորություն,,,,,,,,
mean squared error (MSE),միջին քառակուսային սխալանք,,,,,,,,
mean value theorem,[Լագրանժի] վերջավոր աճերի բանաձև,,,,,,,,
measurable function,չափելի ֆունկցիա,,,,,,,,
measurable set,չափելի բազմություն,,,,,,,,
measurable space,չափելի տարածություն,,,,,,,,
measure,չափ,,,,,,,,
measure preserving,չափը պահպանող,,,,,,,,
measure space,չափով [օժտված] տարածություն,,,,,,,,
measure theory,չափի տեսություն,,,,,,,,
median,"1․ միջնագիծ (երկրաչափություն), 2․ մեդիան (վիճակագրություն)",,,,,,,,
memoryless,"հիշողություն չունեցող, առանց հիշողության",,,,,,,,
meromorphic function,մերոմորֆ ֆունկցիա,,,,,,,,
metric,մետրիկա,,,,,,,,
metric space,մետրիկական տարածություն,,,,,,,,
midpoint ,միջնակետ,,,,,,,,
minimal polynomial,մինիմալ բազմանդամ,,,,,,,,
minimal surface,մինիմալ մակերևույթ,,,,,,,,
minor,մինոր,,,,,,,,
mixed boundary condition ,խառը եզրային պայման,,,,,,,,
mixed derivative,խառը ածանցյալ,,,,,,,,
Möbius inversion formula,Մյոբիուսի շրջման բանաձև,,,,,,,,
Möbius strip,Մյոբիուսի թերթ,,,,,,,,
Möbius transformation,Մյոբիուսի ձևափոխություն,,,,,,,,
model,մոդել,,,,,,,,
module,մոդուլ,,,,,,,,
modulus,"մոդուլ, բացարձակ արժեք",,,,,,,,
modulus of continuity,անընդհատության մոդուլ,,,,,,,,
moment,մոմենտ,,,,,,,,
monomial,միանդամ,,,,,,,,
monotone convergence theorem,"Բ․ Լևիի թեորեմ, մոնոտոն զուգամիտության թեորեմ",,,,,,,,
monotone function,մոնոտոն ֆունկցիա,,,,,,,,
morphism,մորֆիզմ,,,,,,,,
multiindex,մուլտիինդեքս,,,,,,,,
multilinear map,բազմագծային արտապատկերում,,,,,,,,
multiple integral,բազմակի ինտեգրալ,,,,,,,,
multiple root,պատիկ արմատ,,,,,,,,
multiplicative,"մուլտիպլիկատիվ, երբեմն նաև՝ արտադրյալային",,,,,,,,
multiplicative group,արտադրյալային խումբ,,,,,,,,
multiplicity,պատիկություն,,,,,,,,
multiply connected,բազմակապ,,,,,,,,
multiset,մուլտիբազմություն,,,,,,,,
multivalued,բազմարժեք,,,,,,,,
multivariable calculus,շատ/մի քանի փոփոխականի հաշիվ,,,,,,,,
mutual information,փոխադարձ ինֆորմացիա,,,,,,,,
mutually exclusive,"անհամատեղելի, միմյանց բացառող",,,,,,,,
natural isomorphism,բնական իզոմորֆիզմ,,,,,,,,
natural number,բնական թիվ,,,,,,,,
natural parametrization,բնական պարամետրացում,,,,,,,,
natural transformation,բնական ձևափոխություն,,,,,,,,
Navier-Stokes equations,Նավյե-Ստոքսի հավասարումներ,,,,,,,,
necessary and sufficient condition,անհրաժեշտ և բավարար պայման,,,,,,,,
negation,ժխտում,,,,,,,,
negative definite,բացասական որոշյալ,,,,,,,,
negative semidefinite,բացասական կիսաորոշյալ,,,,,,,,
neighborhood base,շրջակայքերի բազա,,,,,,,,
nested intervals,ներդրված հատվածներ,,,,,,,,
Neumann boundary condition,Նեյմանի եզրային պայման,,,,,,,,
neutral element,չեզոք տարր/էլեմենտ,,,,,,,,
nilpotent,նիլպոտենտ,,,,,,,,
node,հանգույց,,,,,,,,
Noetherian ring,նյոթերյան օղակ,,,,,,,,
non-decreasing,չնվազող,,,,,,,,
non-degenerate,չվերասերված,,,,,,,,
non-empty,ոչ դատարկ,,,,,,,,
non-increasing,չաճող,,,,,,,,
non-linear,ոչ գծային,,,,,,,,
non-zero,"ոչ զրոյական, զրոյից տարբեր",,,,,,,,
norm,նորմ,,,,,,,,
normal distribution,նորմալ բաշխում,,,,,,,,
normal subgroup,նորմալ ենթախումբ,,,,,,,,
normalizer,նորմալիզատոր,,,,,,,,
normed space,նորմավորված տարածություն,,,,,,,,
nowhere dense,ամենուրեք նոսր,,,,,,,,
null hypothesis,զրոյական վարկած,,,,,,,,
null set,զրո չափի բազմություն,,,,,,,,
null space,"միջուկ, զրոյական տարածություն",,,,,,,,
nullity,դեֆեկտ,,,,,,,,
number theory,թվերի տեսություն,,,,,,,,
numerator,համարիչ,,,,,,,,
numerical differentiation,թվային ածանցում,,,,,,,,
numerical integration,թվային ինտեգրում,,,,,,,,
object,օբյեկտ,,,,,,,,
oblique asymptote,թեք ասիմպտոտ,,,,,,,,
octonion,օկտոնիոն,,,,,,,,
odd,կենտ,,,,,,,,
one-sheeted,"1․ միաթերթ (ծածկոց), 2․ միախոռոչ (հիպերբոլոիդ)",,,,,,,,
one-sided limit,միակողմանի սահման,,,,,,,,
open cover,բաց ծածկույթ,,,,,,,,
open interval,բաց միջակայք,,,,,,,,
open map,բաց արտապատկերում,,,,,,,,
open mapping theorem,բաց արտապատկերման [մասին] թեորեմ,,,,,,,,
open set,բաց բազմություն,,,,,,,,
operator norm,օպերատորային նորմ,,,,,,,,
opposite vector,հակադիր վեկտոր,,,,,,,,
optimal control,օպտիմալ կառավարում,,,,,,,,
optimization,օպտիմիզացիա,,,,,,,,
orbit,ուղեծիր,,,,,,,,
order,"կարգ, կարգավորվածություն",,,,,,,,
order of a group,խմբի կարգ,,,,,,,,
order of an element,տարրի կարգ,,,,,,,,
order statistic,կարգային վիճականի,,,,,,,,
ordinary differential equation,սովորական դիֆերենցիալ հավասարում,,,,,,,,
orientable,կողմնորոշելի,,,,,,,,
orientation,կողմնորոշում,,,,,,,,
oriented,կողմնորոշված,,,,,,,,
origin,սկզբնակետ,,,,,,,,
orthocenter,օրթոկենտրոն,,,,,,,,
orthogonal basis,օրթոգոնալ հենք/բազիս,,,,,,,,
orthogonal complement,օրթոգոնալ լրացում,,,,,,,,
orthogonal matrix,օրթոգոնալ մատրից,,,,,,,,
orthonormal basis,օրթոնորմալ հենք/բազիս,,,,,,,,
oscillation,տատանում,,,,,,,,
osculating plane,հպման հարթություն,,,,,,,,
outcome,[տարրական] ելք,,,,,,,,
outer measure,արտաքին չափ,,,,,,,,
pairwise,զույգ առ զույգ,,,,,,,,
parabolic,պարաբոլական,,,,,,,,
parallel,"1․ համուղղված (վեկտորների դեպքում), 2․ զուգահեռ (ուղիղների դեպքում)",,,,,,,,
parallel transport,զուգահեռ տեղափոխություն,,,,,,,,
parallelepiped ,զուգահեռանիստ,,,,,,,,
parallelogram,զուգահեռագիծ,,,,,,,,
Parseval's identity,Պարսևալի նույնություն,,,,,,,,
partial derivative,մասնակի ածանցյալ,,,,,,,,
partial differential equation,մասնակի ածանցյալով [դիֆերենցիալ] հավասարում,,,,,,,,
partial limit,մասնակի սահման,,,,,,,,
partial sum,մասնակի գումար,,,,,,,,
partially ordered,մասնակի կարգավորված,,,,,,,,
particular solution,մասնավոր լուծում,,,,,,,,
partition,տրոհում,,,,,,,,
partition of unity,միավորի տրոհում,,,,,,,,
path,ուղի,,,,,,,,
path independence,ճանապարհից անկախություն,,,,,,,,
path integral,կորով ինտեգրալ,,,,,,,,
path-connected,գծային կապակցված,,,,,,,,
pencil of lines,ուղիղների փունջ,,,,,,,,
perfect number,կատարյալ թիվ,,,,,,,,
perfect set,կատարյալ բազմություն,,,,,,,,
perimeter,պարագիծ,,,,,,,,
period,պարբերություն,,,,,,,,
periodic,պարբերական,,,,,,,,
permutation,"տեղադրություն, երբեմն նաև՝ տեղափոխություն (որևէ կոնկրետ դասավորություն նկատի ունենալիս)",,,,,,,,
perpendicular,"ուղղահայաց, փոխուղղահայաց",,,,,,,,
perpendicular bisector ,միջնուղղահայաց,,,,,,,,
perturbation,խոտորում,,,,,,,,
piecewise constant,կտոր առ կտոր հաստատուն,,,,,,,,
piecewise continuous,կտոր առ կտոր անընդհատ,,,,,,,,
pigeonhole principle,Դիրիխլեի սկզբունք,,,,,,,,
planar graph,հարթ գրաֆ,,,,,,,,
plane curve,հարթ կոր,,,,,,,,
point estimate,կետային գնահատական,,,,,,,,
pointwise convergence,կետային/կետորեն զուգամիտություն,,,,,,,,
Poisson distribution,Պուասոնի բաշխում,,,,,,,,
Poisson kernel,Պուասոնի կորիզ,,,,,,,,
polar,"1․ բևեռագիծ (որպես գոյական), 2․ բևեռային (որպես ածական)",,,,,,,,
pole,բևեռ,,,,,,,,
Polish space,լեհական տարածություն,,,,,,,,
polygon,բազմանկյուն,,,,,,,,
polygonal chain,բեկյալ,,,,,,,,
polynomial,բազմանդամ,,,,,,,,
polynomial ring,բազմանդամային օղակ,,,,,,,,
position vector,շառավիղ-վեկտոր,,,,,,,,
positive definite,դրական որոշյալ,,,,,,,,
positive operator,դրական օպերատոր,,,,,,,,
positive semidefinite,դրական կիսաորոշյալ,,,,,,,,
power function,աստիճանային ֆունկցիա,,,,,,,,
power series,աստիճանային շարք,,,,,,,,
power set,"բոլոր ենթաբազմությունների բազմություն, երբեմն նաև՝ աստիճան բազմություն",,,,,,,,
precompact,նախակոմպակտ,,,,,,,,
predicate,պրեդիկատ,,,,,,,,
preimage,նախապատկեր,,,,,,,,
prime,պարզ,,,,,,,,
prime factorization,վերլուծում պարզ արտադրիչների,,,,,,,,
principal component analysis (PCA),գլխավոր բաղադրիչների վերլուծություն,,,,,,,,
principal ideal,գլխավոր իդեալ,,,,,,,,
principal ideal domain,գլխավոր իդեալների տիրույթ,,,,,,,,
principal ideal ring,գլխավոր իդեալներով օղակ,,,,,,,,
principal part,գլխավոր մաս,,,,,,,,
principal value (p.v.),գլխավոր արժեք,,,,,,,,
prism,"պրիզմա, երբեմն նաև՝ հատվածակողմ",,,,,,,,
probability density function,խտության ֆունկցիա,,,,,,,,
probability density function (pdf),խտության ֆունկցիա,,,,,,,,
probability mass function (pmf),հավանականային ֆունկցիա,,,,,,,,
probability measure,հավանականային չափ,,,,,,,,
probability space,հավանականային տարածություն,,,,,,,,
process,պրոցես,,,,,,,,
product,արտադրյալ,,,,,,,,
product rule,արտադրյալի կանոն,,,,,,,,
product topology,արտադրյալ տոպոլոգիա,,,,,,,,
projection,պրոյեկցիա,,,,,,,,
projective plane,պրոյեկտիվ հարթություն,,,,,,,,
projective space,պրոյեկտիվ տարածություն,,,,,,,,
proper subset,սեփական ենթաբազմություն,,,,,,,,
proposition,"1․ ասույթ (ճիշտ կամ սխալ պնդում), 2․ պնդում, առաջադրություն",,,,,,,,
propositional logic,ասույթների տրամաբանություն,,,,,,,,
pseudodifferential operator,պսևդոդիֆերենցիալ օպերատոր,,,,,,,,
pseudoinverse,պսևդոհակադարձ,,,,,,,,
punctured disk,դակված շրջան,,,,,,,,
pyramid,բուրգ,,,,,,,,
QR decomposition,QR վերլուծություն,,,,,,,,
quadratic form,քառակուսային ձև,,,,,,,,
quadrature formula,քառակուսեցման բանաձև,,,,,,,,
quadrilateral,քառանկյուն,,,,,,,,
quantifier,քվանտոր,,,,,,,,
quasigroup,քվազիխումբ,,,,,,,,
quasilinear,քվազիգծային ,,,,,,,,
quaternion,քվատերնիոն,,,,,,,,
quotient group,"քանորդ խումբ, ֆակտոր խումբ",,,,,,,,
quotient map,քանորդ/ֆակտոր արտապատկերում,,,,,,,,
quotient space,քանորդ/ֆակտոր տարածություն,,,,,,,,
quotient topology,քանորդ/ֆակտոր տոպոլոգիա,,,,,,,,
radial function,կենտրոնասիմետրիկ ֆունկցիա,,,,,,,,
radius,շառավիղ,,,,,,,,
radius of convergence,զուգամիտության շառավիղ,,,,,,,,
random variable,պատահական մեծություն,,,,,,,,
random walk,պատահական թափառում,,,,,,,,
range,"1․ արժեքների տիրույթ (ֆունկցիայի), 2․ պատկեր (գծային ձևափոխության), 3․ միջակայք",,,,,,,,
rank,ռանգ,,,,,,,,
ratio test,Դալամբերի հայտանիշ,,,,,,,,
rational,ռացիոնալ,,,,,,,,
ray,ճառագայթ,,,,,,,,
real analysis,իրական անալիզ,,,,,,,,
real number,իրական թիվ,,,,,,,,
real part,իրական մաս,,,,,,,,
real-valued,իրականարժեք,,,,,,,,
rectangle,ուղղանկյուն,,,,,,,,
rectangular cuboid,ուղղանկյունանիստ,,,,,,,,
rectifiable,ուղղելի,,,,,,,,
recurrence relation,"ռեկուրենտ առնչություն, երբեմն նաև՝ անդրադարձ առնչություն",,,,,,,,
recursion,ռեկուրսիա,,,,,,,,
reduced row echelon form (rref),բերված աստիճանաձև տեսք,,,,,,,,
reflection,արտացոլում,,,,,,,,
reflexive space,ռեֆլեքսիվ տարածություն,,,,,,,,
reflexivity,"ռեֆլեքսիվություն, առինքնություն",,,,,,,,
regular curve,ռեգուլյար կոր,,,,,,,,
regularity,ռեգուլյարություն,,,,,,,,
relation,հարաբերություն,,,,,,,,
relative topology,հարաբերական տոպոլոգիա,,,,,,,,
relatively compact,հարաբերական կոմպակտ,,,,,,,,
remainder,մնացորդ,,,,,,,,
removable singular point,վերացնելի եզակի կետ,,,,,,,,
reparameterization,վերապարամետրացում,,,,,,,,
representation,ներկայացում,,,,,,,,
representation theory,ներկայացումների տեսություն,,,,,,,,
residue,մնացք,,,,,,,,
residue,մնացք,,,,,,,,
residue field,մնացքների դաշտ,,,,,,,,
residue theorem,մնացքների թեորեմ,,,,,,,,
resolvent,ռեզոլվենտ,,,,,,,,
resolvent set,ռեզոլվենտային բազմություն,,,,,,,,
restriction,սահմանափակում,,,,,,,,
rhombus ,շեղանկյուն,,,,,,,,
Riemann hypothesis,Ռիմանի վարկած,,,,,,,,
Riemann integral,Ռիմանի ինտեգրալ,,,,,,,,
Riemann sum,Ռիմանի գումար,,,,,,,,
Riemannian manifold,ռիմանյան բազմաձևություն,,,,,,,,
Riesz representation theorem,Ռիսի ներկայացման թեորեմ,,,,,,,,
right triangle,ուղղանկյուն եռանկյուն,,,,,,,,
right-continuous,աջից անընդհատ,,,,,,,,
ring,օղակ,,,,,,,,
risk function,ռիսկի ֆունկցիա,,,,,,,,
root,արմատ,,,,,,,,
root test,Կոշիի հայտանիշ,,,,,,,,
rotation,պտույտ,,,,,,,,
row echelon form (ref),աստիճանաձև տեսք,,,,,,,,
row space,տողային տարածություն,,,,,,,,
row vector,տող-վեկտոր,,,,,,,,
rules of inference,արտածման կանոններ,,,,,,,,
Russell's paradox,Ռասելի պարադոքս,,,,,,,,
saddle point,թամբի կետ,,,,,,,,
sample,նմուշ,,,,,,,,
sample mean,"նմուշային միջին, էմպիրիկ միջին",,,,,,,,
sample range,նմուշի լայնք,,,,,,,,
sample space,[տարրական] ելքերի բազմություն,,,,,,,,
sampling,նմուշահանում,,,,,,,,
scalar multiplication,"սկալյարով բազմապատկում, թվով բազմապատկում",,,,,,,,
scalar product,սկալյար արտադրյալ,,,,,,,,
secant method,հատողների մեթոդ,,,,,,,,
second fundamental form,"երկրորդ ֆունդամենտալ ձև, երկրորդ քառակուսային ձև",,,,,,,,
section,հատույթ,,,,,,,,
segment bisector,միջնագիծ,,,,,,,,
self-adjoint operator,ինքնահամալուծ օպերատոր,,,,,,,,
self-intersection,ինքնահատում,,,,,,,,
semigroup,կիսախումբ,,,,,,,,
seminorm,կիսանորմ,,,,,,,,
separable differential equation,անջատվող փոփոխականներով դիֆերենցիալ հավասարում,,,,,,,,
separable space,սեպարաբել տարածություն,,,,,,,,
separation axioms,անջատելիության աքսիոմներ,,,,,,,,
sequence,հաջորդականություն,,,,,,,,
sequential,հաջորդականային,,,,,,,,
sequentially,"հաջորդականորեն, երբեմն նաև՝ ըստ Հայնեի",,,,,,,,
sesquilinear form,մեկուկեսգծային ձև,,,,,,,,
set,բազմություն,,,,,,,,
set-theoretic,տեսաբազմական,,,,,,,,
shear transformation,"շեղման ձևափոխություն, սահքի ձևափոխություն",,,,,,,,
sigma-algebra,սիգմա-հանրահաշիվ,,,,,,,,
significance level ,նշանակալիության մակարդակ,,,,,,,,
similar matrices,նման մատրիցներ,,,,,,,,
simple curve,պարզ կոր,,,,,,,,
simple function,պարզ ֆունկցիա,,,,,,,,
simple root,պարզ արմատ,,,,,,,,
simplex,սիմպլեքս,,,,,,,,
simply connected,միակապ,,,,,,,,
singleton,մեկկետանոց [բազմություն],,,,,,,,
singularity / singular point,"եզակիություն, եզակի[ության] կետ",,,,,,,,
skew-symmetric,շեղ-սիմետրիկ,,,,,,,,
slope field,ուղղությունների դաշտ,,,,,,,,
smooth curve,ողորկ կոր,,,,,,,,
smooth function,ողորկ ֆունկցիա,,,,,,,,
smooth manifold,ողորկ բազմաձևություն,,,,,,,,
Sobolev space,Սոբոլևի տարածություն,,,,,,,,
solid [figure],մարմին,,,,,,,,
solvable,լուծելի,,,,,,,,
space curve,տարածական կոր,,,,,,,,
span,գծային թաղանթ,,,,,,,,
spanning subgraph,կմախքային ենթագրաֆ,,,,,,,,
spectral theorem,սպեկտրալ թեորեմ,,,,,,,,
spectrum,սպեկտր,,,,,,,,
sphere,"սֆերա, երբեմն նաև՝ գնդային մակերևույթ",,,,,,,,
splitting field,վերլուծության դաշտ,,,,,,,,
square,քառակուսի,,,,,,,,
square matrix,քառակուսի մատրից,,,,,,,,
stability,կայունություն,,,,,,,,
stable,կայուն,,,,,,,,
standard deviation,ստանդարտ շեղում,,,,,,,,
stationary process,ստացիոնար պրոցես,,,,,,,,
statistical hypothesis,վիճակագրական վարկած,,,,,,,,
step function,աստիճանաձև ֆունկցիա,,,,,,,,
Stieltjes integral,Ստիլտեսի ինտեգրալ,,,,,,,,
stiffness,կոշտություն,,,,,,,,
stochastic differential equation,ստոխաստիկ դիֆերենցիալ հավասարում,,,,,,,,
strictly increasing/decreasing/monotone,խիստ աճող/նվազող/մոնոտոն,,,,,,,,
strong product,ուժեղ արտադրյալ,,,,,,,,
stronger topology,[ավելի] ուժեղ տոպոլոգիա,,,,,,,,
subadditive,կիսաադիտիվ,,,,,,,,
subbase,ենթաբազա,,,,,,,,
subgroup,ենթախումբ,,,,,,,,
sublinear,սուբգծային,,,,,,,,
subsequence,ենթահաջորդականություն,,,,,,,,
subset,ենթաբազմություն,,,,,,,,
subspace,ենթատարածություն,,,,,,,,
successive approximation,հաջորդական մոտարկում,,,,,,,,
sum,գումար,,,,,,,,
summable,հանրագումարելի,,,,,,,,
summand,գումարելի,,,,,,,,
superlinear,սուպերգծային,,,,,,,,
superposition,վերադրում,,,,,,,,
superset [of $A$],"[$A$-ն] պարունակող բազմություն, [$A$-ի] վերբազմություն",,,,,,,,
support,կրիչ,,,,,,,,
supremum,"սուպրեմում, ճշգրիտ վերին եզր",,,,,,,,
surface,մակերևույթ,,,,,,,,
surface integral,մակերևութային ինտեգրալ,,,,,,,,
surface of revolution,պտտման մակերևույթ,,,,,,,,
surjective,սյուրյեկտիվ,,,,,,,,
symmetric difference,սիմետրիկ տարբերություն,,,,,,,,
symmetric matrix,սիմետրիկ մատրից,,,,,,,,
symmetry,"համաչափություն, սիմետրիա",,,,,,,,
symmetry group,սիմետրիկ խումբ,,,,,,,,
system,համակարգ,,,,,,,,
system of linear equations,գծային հավասարումների համակարգ,,,,,,,,
tail of a series,"շարքի պոչ, երբեմն նաև՝ մնացորդային անդամ",,,,,,,,
tangent,շոշափող,,,,,,,,
tangent plane,շոշափող հարթություն,,,,,,,,
tangent space,շոշափող տարածություն,,,,,,,,
Taylor polynomial,Թեյլորի բազմանդամ,,,,,,,,
Taylor series,Թեյլորի շարք,,,,,,,,
telescoping series,տելեսկոպիկ շարք,,,,,,,,
tensor,թենզոր,,,,,,,,
tensor calculus,թենզորական հաշիվ,,,,,,,,
test function,փորձնական ֆունկցիա,,,,,,,,
tetrahedron,քառանիստ,,,,,,,,
theorem,թեորեմ,,,,,,,,
time-dependent,ժամանակից կախված,,,,,,,,
time-independent,ժամանակից անկախ,,,,,,,,
topological group,տոպոլոգիական խումբ,,,,,,,,
topological manifold,տոպոլոգիական բազմաձևություն,,,,,,,,
topological space,տոպոլոգիական տարածություն,,,,,,,,
topological vector space,"տոպոլոգիական վեկտորական տարածություն, երբեմն նաև՝ գծային տոպոլոգիական տարածություն",,,,,,,,
topology,տոպոլոգիա,,,,,,,,
torsion ,ոլորում,,,,,,,,
torsion-free,առանց ոլորման,,,,,,,,
torus,տոր,,,,,,,,
total derivative,լրիվ դիֆերենցիալ,,,,,,,,
total probability,լրիվ հավանականություն,,,,,,,,
total variation,լրիվ վարիացիա,,,,,,,,
totally bounded,լիովին սահմանափակ,,,,,,,,
totally ordered,գծորեն կարգավորված,,,,,,,,
trace,հետք,,,,,,,,
transcendental number,տրանսցենդենտ թիվ,,,,,,,,
transition matrix,անցման մատրից,,,,,,,,
transitivity,փոխանցականություն,,,,,,,,
translation,"տեղաշարժ, զուգահեռ տեղափոխություն",,,,,,,,
translation invariant,տեղաշարժի նկատմամբ ինվարիանտ,,,,,,,,
translation operator,տեղաշարժի օպերատոր ,,,,,,,,
transpose,"տրանսպոնացում, շրջում",,,,,,,,
transposition,դիրքափոխություն,,,,,,,,
trapezoid / trapezium,սեղան,,,,,,,,
tree,ծառ,,,,,,,,
triangle,եռանկյուն,,,,,,,,
triangle inequality,եռանկյան անհավասարություն,,,,,,,,
tridiagonal matrix,երեքանկյունագծային մատրից,,,,,,,,
trigonometric function,եռանկյունաչափական ֆունկցիա,,,,,,,,
trigonometric polynomial,եռանկյունաչափական բազմանդամ,,,,,,,,
triple product,խառը արտադրյալ,,,,,,,,
truncated cylinder,հատած գլան,,,,,,,,
truth table,ճշմարտության աղյուսակ,,,,,,,,
two-sheeted,"1․ երկթերթ (ծածկոց), 2․ երկխոռոչ (հիպերբոլոիդ)",,,,,,,,
unbiased estimator,անշեղ գնահատական,,,,,,,,
unbounded operator,անսահմանափակ օպերատոր,,,,,,,,
uncertainty principle,անորոշության սկզբունք,,,,,,,,
uncountable,անհաշվելի,,,,,,,,
uniform continuity,հավասարաչափ անընդհատություն,,,,,,,,
uniform convergence,հավասարաչափ զուգամիտություն,,,,,,,,
uniform distribution,հավասարաչափ բաշխում,,,,,,,,
uniformly bounded,հավասարաչափ սահմանափակ,,,,,,,,
uniformly continuous,հավասարաչափ անընդհատ,,,,,,,,
uniformly distributed,հավասարաչափ բաշխված,,,,,,,,
union,միավորում,,,,,,,,
unique factorization,միակ վերլուծություն,,,,,,,,
unique factorization domain,"ֆակտորիալ օղակ, միակ վերլուծության տիրույթ",,,,,,,,
uniquely determined,միարժեքորեն որոշված,,,,,,,,
uniqueness ,միակություն,,,,,,,,
unit,միավոր,,,,,,,,
unit matrix,միավոր մատրից,,,,,,,,
unit-speed parametrization,բնական պարամետրացում,,,,,,,,
unital algebra ,միավորով հանրահաշիվ,,,,,,,,
unitary,ունիտար,,,,,,,,
up to isomorphism/rotation/...,իզոմորֆիզմի/պտույտի/․․․ ճշտությամբ,,,,,,,,
up to the boundary,ընդհուպ մինչև եզրը,,,,,,,,
upper bound,վերին եզր,,,,,,,,
upper semicontinuous,վերևից կիսաանընդհատ,,,,,,,,
upper triangular matrix,վերին եռանկյունաձև մատրից,,,,,,,,
usual topology,սովորական տոպոլոգիա,,,,,,,,
variance,"դիսպերսիա, վարիացիա",,,,,,,,
variation of parameters,հաստատունի վարիացիա,,,,,,,,
variational calculus,վարիացիոն հաշիվ,,,,,,,,
vector,վեկտոր,,,,,,,,
vector field,վեկտորական դաշտ,,,,,,,,
vector space,"գծային տարածություն, վեկտորական տարածություն",,,,,,,,
vector-valued,վեկտորարժեք,,,,,,,,
vertex,գագաթ,,,,,,,,
vertical asymptote,ուղղաձիգ ասիմպտոտ,,,,,,,,
volume,ծավալ,,,,,,,,
volume element,ծավալի տարր/էլեմենտ,,,,,,,,
wave equation,ալիքի հավասարում,,,,,,,,
wavelet,վեյվլեթ,,,,,,,,
weak compactness,թույլ կոմպակտություն,,,,,,,,
weak formulation,թույլ ձևակերպում,,,,,,,,
weak topology,թույլ տոպոլոգիա,,,,,,,,
weak* topology,թույլ* տոպոլոգիա ,,,,,,,,
weaker topology,[ավելի] թույլ տոպոլոգիա,,,,,,,,
weakly convergent,թույլ զուգամետ,,,,,,,,
weight,կշիռ,,,,,,,,
weighted average,կշռավորված միջին,,,,,,,,
well ordered,լիովին կարգավորված,,,,,,,,
well-posedness,կոռեկտություն,,,,,,,,
without loss of generality (wlog),առանց ընդհանրությունը խախտելու,,,,,,,,
zeros of a function,ֆունկցիայի զրոներ,,,,,,,,
,,,,,,,,,
,,,,,,,,,
,,,,,,,,,
,,,,,,,,,
,,,,,,,,,
,,,,,,,,,
,,,,,,,,,
,,,,,,,,,
,,,,,,,,,
,,,,,,,,,
,,,,,,,,,
,,,,,,,,,
,,,,,,,,,
,,,,,,,,,
,,,,,,,,,
,,,,,,,,,
,,,,,,,,,
,,,,,,,,,
,,,,,,,,,
,,,,,,,,,
,,,,,,,,,
,,,,,,,,,
,,,,,,,,,
,,,,,,,,,
,,,,,,,,,
,,,,,,,,,
,,,,,,,,,
,,,,,,,,,
,,,,,,,,,
,,,,,,,,,
,,,,,,,,,
,,,,,,,,,
,,,,,,,,,
,,,,,,,,,
,,,,,,,,,
,,,,,,,,,
,,,,,,,,,
,,,,,,,,,
,,,,,,,,,
,,,,,,,,,
,,,,,,,,,
,,,,,,,,,
,,,,,,,,,
,,,,,,,,,
,,,,,,,,,
,,,,,,,,,
,,,,,,,,,
,,,,,,,,,
,,,,,,,,,
,,,,,,,,,
,,,,,,,,,
,,,,,,,,,
,,,,,,,,,
,,,,,,,,,
,,,,,,,,,
,,,,,,,,,
,,,,,,,,,
,,,,,,,,,
,,,,,,,,,
,,,,,,,,,
,,,,,,,,,
,,,,,,,,,
,,,,,,,,,
,,,,,,,,,
,,,,,,,,,
,,,,,,,,,
,,,,,,,,,
,,,,,,,,,
,,,,,,,,,
,,,,,,,,,
,,,,,,,,,
,,,,,,,,,
,,,,,,,,,
,,,,,,,,,
,,,,,,,,,
,,,,,,,,,
,,,,,,,,,
,,,,,,,,,
,,,,,,,,,
,,,,,,,,,
,,,,,,,,,
,,,,,,,,,
,,,,,,,,,
,,,,,,,,,
,,,,,,,,,
,,,,,,,,,
,,,,,,,,,
,,,,,,,,,
,,,,,,,,,
,,,,,,,,,
,,,,,,,,,
,,,,,,,,,
,,,,,,,,,
,,,,,,,,,
,,,,,,,,,
,,,,,,,,,
,,,,,,,,,
,,,,,,,,,
,,,,,,,,,
,,,,,,,,,
,,,,,,,,,
,,,,,,,,,
,,,,,,,,,
,,,,,,,,,
,,,,,,,,,
,,,,,,,,,
,,,,,,,,,
,,,,,,,,,
,,,,,,,,,
,,,,,,,,,
,,,,,,,,,
,,,,,,,,,
,,,,,,,,,
,,,,,,,,,
,,,,,,,,,
,,,,,,,,,
,,,,,,,,,
,,,,,,,,,
,,,,,,,,,
,,,,,,,,,
,,,,,,,,,
,,,,,,,,,
,,,,,,,,,
,,,,,,,,,
,,,,,,,,,
,,,,,,,,,
,,,,,,,,,
,,,,,,,,,
,,,,,,,,,
,,,,,,,,,
,,,,,,,,,
,,,,,,,,,
,,,,,,,,,
,,,,,,,,,
,,,,,,,,,
,,,,,,,,,
,,,,,,,,,
,,,,,,,,,
,,,,,,,,,
,,,,,,,,,
,,,,,,,,,
,,,,,,,,,
,,,,,,,,,
,,,,,,,,,
,,,,,,,,,
,,,,,,,,,
,,,,,,,,,
,,,,,,,,,
,,,,,,,,,
,,,,,,,,,
,,,,,,,,,
,,,,,,,,,
,,,,,,,,,
,,,,,,,,,
,,,,,,,,,
,,,,,,,,,
,,,,,,,,,
,,,,,,,,,
,,,,,,,,,
,,,,,,,,,
,,,,,,,,,
,,,,,,,,,
,,,,,,,,,
,,,,,,,,,
,,,,,,,,,
,,,,,,,,,
,,,,,,,,,
,,,,,,,,,
,,,,,,,,,
,,,,,,,,,
,,,,,,,,,
,,,,,,,,,
,,,,,,,,,
,,,,,,,,,
,,,,,,,,,
,,,,,,,,,
,,,,,,,,,
,,,,,,,,,
,,,,,,,,,
,,,,,,,,,
,,,,,,,,,
,,,,,,,,,
,,,,,,,,,
,,,,,,,,,
,,,,,,,,,
,,,,,,,,,
,,,,,,,,,
,,,,,,,,,
,,,,,,,,,
,,,,,,,,,
,,,,,,,,,
,,,,,,,,,
,,,,,,,,,
,,,,,,,,,
,,,,,,,,,
,,,,,,,,,
,,,,,,,,,
,,,,,,,,,
,,,,,,,,,
,,,,,,,,,
,,,,,,,,,
,,,,,,,,,
,,,,,,,,,
,,,,,,,,,
,,,,,,,,,
,,,,,,,,,
,,,,,,,,,
,,,,,,,,,
,,,,,,,,,
,,,,,,,,,
,,,,,,,,,
,,,,,,,,,
,,,,,,,,,
,,,,,,,,,
,,,,,,,,,
,,,,,,,,,
,,,,,,,,,
,,,,,,,,,
,,,,,,,,,
,,,,,,,,,
,,,,,,,,,
,,,,,,,,,
,,,,,,,,,
,,,,,,,,,
,,,,,,,,,
,,,,,,,,,
,,,,,,,,,
,,,,,,,,,
,,,,,,,,,
,,,,,,,,,
,,,,,,,,,
,,,,,,,,,
,,,,,,,,,
,,,,,,,,,
,,,,,,,,,
,,,,,,,,,
,,,,,,,,,
,,,,,,,,,
,,,,,,,,,
,,,,,,,,,
,,,,,,,,,
,,,,,,,,,
,,,,,,,,,
,,,,,,,,,
,,,,,,,,,
,,,,,,,,,
,,,,,,,,,
,,,,,,,,,
,,,,,,,,,
,,,,,,,,,
,,,,,,,,,
,,,,,,,,,
,,,,,,,,,
,,,,,,,,,
,,,,,,,,,
,,,,,,,,,
,,,,,,,,,
,,,,,,,,,
,,,,,,,,,
,,,,,,,,,
,,,,,,,,,
,,,,,,,,,
,,,,,,,,,
,,,,,,,,,
,,,,,,,,,
,,,,,,,,,
,,,,,,,,,
,,,,,,,,,
,,,,,,,,,
,,,,,,,,,
,,,,,,,,,
,,,,,,,,,
,,,,,,,,,
,,,,,,,,,
,,,,,,,,,
,,,,,,,,,
,,,,,,,,,
,,,,,,,,,
,,,,,,,,,
,,,,,,,,,
,,,,,,,,,
,,,,,,,,,
,,,,,,,,,
,,,,,,,,,
,,,,,,,,,
,,,,,,,,,
,,,,,,,,,
,,,,,,,,,
,,,,,,,,,
,,,,,,,,,
,,,,,,,,,
,,,,,,,,,
,,,,,,,,,
,,,,,,,,,
,,,,,,,,,
,,,,,,,,,
,,,,,,,,,
,,,,,,,,,
,,,,,,,,,
,,,,,,,,,
,,,,,,,,,
,,,,,,,,,
,,,,,,,,,
,,,,,,,,,
,,,,,,,,,
,,,,,,,,,
,,,,,,,,,
,,,,,,,,,
,,,,,,,,,
,,,,,,,,,
,,,,,,,,,
,,,,,,,,,
,,,,,,,,,
,,,,,,,,,
,,,,,,,,,
,,,,,,,,,
,,,,,,,,,
,,,,,,,,,
,,,,,,,,,
,,,,,,,,,
,,,,,,,,,
,,,,,,,,,
,,,,,,,,,
,,,,,,,,,
,,,,,,,,,
,,,,,,,,,
,,,,,,,,,
,,,,,,,,,
,,,,,,,,,
,,,,,,,,,
,,,,,,,,,
,,,,,,,,,
,,,,,,,,,
,,,,,,,,,
,,,,,,,,,
,,,,,,,,,
,,,,,,,,,
,,,,,,,,,
,,,,,,,,,
,,,,,,,,,
,,,,,,,,,
,,,,,,,,,
,,,,,,,,,
,,,,,,,,,
,,,,,,,,,
,,,,,,,,,
,,,,,,,,,
,,,,,,,,,
,,,,,,,,,
,,,,,,,,,
,,,,,,,,,
,,,,,,,,,
,,,,,,,,,
,,,,,,,,,
,,,,,,,,,
,,,,,,,,,
,,,,,,,,,
,,,,,,,,,
,,,,,,,,,
,,,,,,,,,
,,,,,,,,,
,,,,,,,,,
,,,,,,,,,
,,,,,,,,,
,,,,,,,,,
,,,,,,,,,
,,,,,,,,,
,,,,,,,,,
,,,,,,,,,
,,,,,,,,,
,,,,,,,,,
,,,,,,,,,
,,,,,,,,,
,,,,,,,,,
,,,,,,,,,
,,,,,,,,,
,,,,,,,,,
,,,,,,,,,
,,,,,,,,,
,,,,,,,,,
,,,,,,,,,
,,,,,,,,,
,,,,,,,,,
,,,,,,,,,
,,,,,,,,,
,,,,,,,,,
,,,,,,,,,
,,,,,,,,,
,,,,,,,,,
,,,,,,,,,
,,,,,,,,,
,,,,,,,,,
,,,,,,,,,
,,,,,,,,,
,,,,,,,,,
,,,,,,,,,
,,,,,,,,,
,,,,,,,,,
,,,,,,,,,
,,,,,,,,,
,,,,,,,,,
,,,,,,,,,
,,,,,,,,,
,,,,,,,,,
,,,,,,,,,
,,,,,,,,,
,,,,,,,,,
,,,,,,,,,
,,,,,,,,,
,,,,,,,,,
,,,,,,,,,
,,,,,,,,,
,,,,,,,,,
,,,,,,,,,
,,,,,,,,,
,,,,,,,,,
,,,,,,,,,
,,,,,,,,,
,,,,,,,,,
,,,,,,,,,
,,,,,,,,,
,,,,,,,,,
,,,,,,,,,
,,,,,,,,,
,,,,,,,,,
,,,,,,,,,
,,,,,,,,,
,,,,,,,,,
,,,,,,,,,
,,,,,,,,,
,,,,,,,,,
,,,,,,,,,
,,,,,,,,,
,,,,,,,,,
,,,,,,,,,
,,,,,,,,,
,,,,,,,,,
,,,,,,,,,
,,,,,,,,,
,,,,,,,,,
,,,,,,,,,
,,,,,,,,,
,,,,,,,,,
,,,,,,,,,
,,,,,,,,,
,,,,,,,,,
,,,,,,,,,
,,,,,,,,,
,,,,,,,,,
,,,,,,,,,
,,,,,,,,,
,,,,,,,,,
,,,,,,,,,
,,,,,,,,,
,,,,,,,,,
,,,,,,,,,
,,,,,,,,,
,,,,,,,,,
,,,,,,,,,
,,,,,,,,,
,,,,,,,,,
,,,,,,,,,
,,,,,,,,,
,,,,,,,,,
,,,,,,,,,
,,,,,,,,,
,,,,,,,,,
,,,,,,,,,
,,,,,,,,,
,,,,,,,,,
,,,,,,,,,
,,,,,,,,,
,,,,,,,,,
,,,,,,,,,
,,,,,,,,,
,,,,,,,,,
,,,,,,,,,
,,,,,,,,,
,,,,,,,,,
,,,,,,,,,
,,,,,,,,,
,,,,,,,,,
,,,,,,,,,
,,,,,,,,,
,,,,,,,,,
,,,,,,,,,
,,,,,,,,,
,,,,,,,,,
,,,,,,,,,
,,,,,,,,,
,,,,,,,,,
,,,,,,,,,
,,,,,,,,,
,,,,,,,,,
,,,,,,,,,
,,,,,,,,,
,,,,,,,,,
,,,,,,,,,
,,,,,,,,,
,,,,,,,,,
,,,,,,,,,
,,,,,,,,,
,,,,,,,,,
,,,,,,,,,
,,,,,,,,,
,,,,,,,,,
,,,,,,,,,
,,,,,,,,,
,,,,,,,,,
,,,,,,,,,
,,,,,,,,,
,,,,,,,,,
,,,,,,,,,
,,,,,,,,,
,,,,,,,,,
,,,,,,,,,
,,,,,,,,,
,,,,,,,,,
,,,,,,,,,
,,,,,,,,,
,,,,,,,,,
,,,,,,,,,
,,,,,,,,,
,,,,,,,,,
,,,,,,,,,
,,,,,,,,,
,,,,,,,,,
,,,,,,,,,
,,,,,,,,,
,,,,,,,,,
,,,,,,,,,
,,,,,,,,,
,,,,,,,,,
,,,,,,,,,
,,,,,,,,,
,,,,,,,,,
,,,,,,,,,
,,,,,,,,,
,,,,,,,,,
,,,,,,,,,
,,,,,,,,,
,,,,,,,,,
,,,,,,,,,
,,,,,,,,,
,,,,,,,,,
,,,,,,,,,
,,,,,,,,,
,,,,,,,,,
,,,,,,,,,
,,,,,,,,,
,,,,,,,,,
,,,,,,,,,
,,,,,,,,,
,,,,,,,,,
,,,,,,,,,
,,,,,,,,,
,,,,,,,,,
,,,,,,,,,
,,,,,,,,,
,,,,,,,,,
,,,,,,,,,
,,,,,,,,,
,,,,,,,,,
,,,,,,,,,
,,,,,,,,,
,,,,,,,,,
,,,,,,,,,
,,,,,,,,,
,,,,,,,,,
,,,,,,,,,
,,,,,,,,,
,,,,,,,,,
,,,,,,,,,
,,,,,,,,,
,,,,,,,,,
,,,,,,,,,
,,,,,,,,,
,,,,,,,,,
,,,,,,,,,
,,,,,,,,,
,,,,,,,,,
,,,,,,,,,
,,,,,,,,,
,,,,,,,,,
,,,,,,,,,
,,,,,,,,,
,,,,,,,,,
,,,,,,,,,
,,,,,,,,,
,,,,,,,,,
,,,,,,,,,
,,,,,,,,,
,,,,,,,,,
,,,,,,,,,
,,,,,,,,,
,,,,,,,,,
,,,,,,,,,
,,,,,,,,,
,,,,,,,,,
,,,,,,,,,
,,,,,,,,,
,,,,,,,,,
,,,,,,,,,
,,,,,,,,,
,,,,,,,,,
,,,,,,,,,
,,,,,,,,,
,,,,,,,,,
,,,,,,,,,
,,,,,,,,,
,,,,,,,,,
,,,,,,,,,
,,,,,,,,,
,,,,,,,,,
,,,,,,,,,
,,,,,,,,,
,,,,,,,,,
,,,,,,,,,
,,,,,,,,,
,,,,,,,,,
,,,,,,,,,
,,,,,,,,,
,,,,,,,,,
,,,,,,,,,
,,,,,,,,,
,,,,,,,,,
,,,,,,,,,
,,,,,,,,,
,,,,,,,,,
,,,,,,,,,
,,,,,,,,,
,,,,,,,,,
,,,,,,,,,
,,,,,,,,,
,,,,,,,,,
,,,,,,,,,
,,,,,,,,,
,,,,,,,,,
,,,,,,,,,
,,,,,,,,,
,,,,,,,,,
,,,,,,,,,
,,,,,,,,,
,,,,,,,,,
,,,,,,,,,
,,,,,,,,,
,,,,,,,,,
,,,,,,,,,
,,,,,,,,,
,,,,,,,,,
,,,,,,,,,
,,,,,,,,,
,,,,,,,,,
,,,,,,,,,
,,,,,,,,,
,,,,,,,,,
,,,,,,,,,
,,,,,,,,,
,,,,,,,,,
,,,,,,,,,
,,,,,,,,,
,,,,,,,,,
,,,,,,,,,
,,,,,,,,,
,,,,,,,,,
,,,,,,,,,
,,,,,,,,,
,,,,,,,,,
,,,,,,,,,
,,,,,,,,,
,,,,,,,,,
,,,,,,,,,
,,,,,,,,,
,,,,,,,,,
,,,,,,,,,
,,,,,,,,,
,,,,,,,,,
,,,,,,,,,
,,,,,,,,,
,,,,,,,,,
,,,,,,,,,
,,,,,,,,,
,,,,,,,,,
,,,,,,,,,
,,,,,,,,,
,,,,,,,,,
,,,,,,,,,
,,,,,,,,,
,,,,,,,,,
,,,,,,,,,
,,,,,,,,,
,,,,,,,,,
,,,,,,,,,
,,,,,,,,,
,,,,,,,,,
,,,,,,,,,
,,,,,,,,,
,,,,,,,,,
,,,,,,,,,
,,,,,,,,,
,,,,,,,,,
,,,,,,,,,
,,,,,,,,,
,,,,,,,,,
,,,,,,,,,
,,,,,,,,,
,,,,,,,,,
,,,,,,,,,
,,,,,,,,,
,,,,,,,,,
,,,,,,,,,
,,,,,,,,,
,,,,,,,,,
,,,,,,,,,
,,,,,,,,,
,,,,,,,,,
,,,,,,,,,
,,,,,,,,,
,,,,,,,,,
,,,,,,,,,
,,,,,,,,,
,,,,,,,,,
,,,,,,,,,
,,,,,,,,,
,,,,,,,,,
,,,,,,,,,
,,,,,,,,,
,,,,,,,,,
,,,,,,,,,
,,,,,,,,,
,,,,,,,,,
,,,,,,,,,
,,,,,,,,,
,,,,,,,,,
,,,,,,,,,
,,,,,,,,,
,,,,,,,,,
,,,,,,,,,
,,,,,,,,,
,,,,,,,,,
,,,,,,,,,
,,,,,,,,,
,,,,,,,,,
,,,,,,,,,
,,,,,,,,,
,,,,,,,,,
,,,,,,,,,
,,,,,,,,,
,,,,,,,,,
,,,,,,,,,
,,,,,,,,,
,,,,,,,,,
,,,,,,,,,
,,,,,,,,,
,,,,,,,,,
,,,,,,,,,
,,,,,,,,,
,,,,,,,,,
,,,,,,,,,
,,,,,,,,,
,,,,,,,,,
,,,,,,,,,
,,,,,,,,,
,,,,,,,,,
,,,,,,,,,
,,,,,,,,,
,,,,,,,,,
,,,,,,,,,
,,,,,,,,,
,,,,,,,,,
,,,,,,,,,
,,,,,,,,,
,,,,,,,,,
,,,,,,,,,
,,,,,,,,,
,,,,,,,,,
,,,,,,,,,
,,,,,,,,,
,,,,,,,,,
,,,,,,,,,
,,,,,,,,,
,,,,,,,,,
,,,,,,,,,
,,,,,,,,,
,,,,,,,,,
,,,,,,,,,
,,,,,,,,,
,,,,,,,,,
,,,,,,,,,
,,,,,,,,,
,,,,,,,,,
,,,,,,,,,
,,,,,,,,,
,,,,,,,,,
,,,,,,,,,
,,,,,,,,,
,,,,,,,,,
,,,,,,,,,
,,,,,,,,,
,,,,,,,,,
,,,,,,,,,
,,,,,,,,,
,,,,,,,,,
,,,,,,,,,
,,,,,,,,,
,,,,,,,,,
,,,,,,,,,
,,,,,,,,,
,,,,,,,,,
,,,,,,,,,
,,,,,,,,,
,,,,,,,,,
,,,,,,,,,
,,,,,,,,,
,,,,,,,,,
,,,,,,,,,
,,,,,,,,,
,,,,,,,,,
,,,,,,,,,
,,,,,,,,,
,,,,,,,,,
,,,,,,,,,
,,,,,,,,,
,,,,,,,,,
,,,,,,,,,
,,,,,,,,,
,,,,,,,,,
,,,,,,,,,
,,,,,,,,,
,,,,,,,,,
,,,,,,,,,
,,,,,,,,,
,,,,,,,,,
,,,,,,,,,
,,,,,,,,,
,,,,,,,,,
,,,,,,,,,
,,,,,,,,,
,,,,,,,,,
,,,,,,,,,
,,,,,,,,,
,,,,,,,,,
,,,,,,,,,
,,,,,,,,,
,,,,,,,,,
,,,,,,,,,
,,,,,,,,,
,,,,,,,,,
,,,,,,,,,
,,,,,,,,,
,,,,,,,,,
,,,,,,,,,
,,,,,,,,,
,,,,,,,,,
,,,,,,,,,
,,,,,,,,,
,,,,,,,,,
,,,,,,,,,
,,,,,,,,,
,,,,,,,,,
,,,,,,,,,
,,,,,,,,,
,,,,,,,,,
,,,,,,,,,
,,,,,,,,,
,,,,,,,,,
,,,,,,,,,
,,,,,,,,,
,,,,,,,,,
,,,,,,,,,
,,,,,,,,,
,,,,,,,,,
,,,,,,,,,
,,,,,,,,,
,,,,,,,,,
,,,,,,,,,
,,,,,,,,,
,,,,,,,,,
,,,,,,,,,
,,,,,,,,,
,,,,,,,,,
,,,,,,,,,
,,,,,,,,,
,,,,,,,,,
,,,,,,,,,
,,,,,,,,,
,,,,,,,,,
,,,,,,,,,
,,,,,,,,,
,,,,,,,,,
,,,,,,,,,
,,,,,,,,,
,,,,,,,,,
,,,,,,,,,
,,,,,,,,,
,,,,,,,,,
,,,,,,,,,
,,,,,,,,,
,,,,,,,,,
,,,,,,,,,
,,,,,,,,,
,,,,,,,,,
,,,,,,,,,
,,,,,,,,,
,,,,,,,,,
,,,,,,,,,
,,,,,,,,,
,,,,,,,,,
,,,,,,,,,
,,,,,,,,,
,,,,,,,,,
,,,,,,,,,
,,,,,,,,,
,,,,,,,,,
,,,,,,,,,
,,,,,,,,,
,,,,,,,,,
,,,,,,,,,
,,,,,,,,,
,,,,,,,,,
,,,,,,,,,
,,,,,,,,,
,,,,,,,,,
,,,,,,,,,
,,,,,,,,,
,,,,,,,,,
,,,,,,,,,
,,,,,,,,,
,,,,,,,,,
,,,,,,,,,
,,,,,,,,,
,,,,,,,,,
,,,,,,,,,
,,,,,,,,,
,,,,,,,,,
,,,,,,,,,
,,,,,,,,,
,,,,,,,,,
,,,,,,,,,
,,,,,,,,,
,,,,,,,,,
,,,,,,,,,
,,,,,,,,,
,,,,,,,,,
,,,,,,,,,
,,,,,,,,,
,,,,,,,,,
,,,,,,,,,
,,,,,,,,,
,,,,,,,,,
,,,,,,,,,
,,,,,,,,,
,,,,,,,,,
,,,,,,,,,
,,,,,,,,,
,,,,,,,,,
,,,,,,,,,
,,,,,,,,,
,,,,,,,,,
,,,,,,,,,
,,,,,,,,,
,,,,,,,,,
,,,,,,,,,
,,,,,,,,,
,,,,,,,,,
,,,,,,,,,
,,,,,,,,,
,,,,,,,,,
,,,,,,,,,
,,,,,,,,,
,,,,,,,,,՞